{
  "workspace_px": [
    [
      217,
      137
    ],
    [
      516,
      119
    ],
    [
      615,
      306
    ],
    [
      196,
      341
    ]
  ],
  "workspace_cm": [
    [
      51.0,
      22.0
    ],
    [
      51.0,
      -22.0
    ],
    [
      22.0,
      22.0
    ],
    [
      22.0,
      -22.0
    ]
  ],
  "homography": [
    [
      -0.010767333731836595,
      -0.14416029711933198,
      40.19279248632413
    ],
    [
      -0.05069401281625796,
      0.01078981571619778,
      17.332965595571167
    ],
    [
      -0.00029613407591334184,
      -0.0042387811393588,
      1.0
    ]
  ]
}