{
  "calibrated_at_scan_pose": {
    "m1": 2048,
    "m2": 2750,
    "m3": 1000,
    "m4": 850,
    "m5": 2048
  },
  "tolerance": 20,
  "workspace_px": [
    [
      126,
      72
    ],
    [
      488,
      66
    ],
    [
      603,
      312
    ],
    [
      29,
      324
    ]
  ],
  "workspace_cm": [
    [
      45.0,
      21.0
    ],
    [
      44.0,
      -21.0
    ],
    [
      15.0,
      -21.0
    ],
    [
      15.0,
      20.0
    ]
  ],
  "homography": [
    [
      -0.0008954289096577491,
      -0.10216137615900323,
      63.55407248560806
    ],
    [
      -0.14661631864147553,
      0.0006958291783257466,
      44.59685014910651
    ],
    [
      0.00014877631568816516,
      0.003161131990614525,
      1.0
    ]
  ],
  "calibration_date": "2026-04-25"
}