{
  "calibrated_at_scan_pose": {
    "m1": 2048,
    "m2": 2750,
    "m3": 1000,
    "m4": 850,
    "m5": 2048
  },
  "tolerance": 20,
  "workspace_px": [
    [
      96.0,
      296.0
    ],
    [
      137.0,
      84.7
    ],
    [
      482.0,
      98.9
    ],
    [
      565.8,
      299.4
    ],
    [
      338.0,
      245.0
    ],
    [
      126.0,
      178.0
    ],
    [
      306.0,
      118.0
    ]
  ],
  "workspace_cm": [
    [
      19.0,
      18.0
    ],
    [
      44.0,
      18.0
    ],
    [
      39.0,
      -19.0
    ],
    [
      20.0,
      -22.0
    ],
    [
      23.0,
      -2.0
    ],
    [
      30.0,
      17.0
    ],
    [
      37.0,
      0.0
    ]
  ],
  "homography": [
    [
      0.004677441117277998,
      -0.09866035528910144,
      57.880704137108594
    ],
    [
      -0.13253561834536814,
      0.0023792769210760783,
      39.539293595023324
    ],
    [
      0.00021942311653003598,
      0.0017154416060096661,
      1.0
    ]
  ],
  "calibration_date": "2026-04-27",
  "n_calibration_points": 7
}