{
  "calibrated_at_scan_pose": {
    "m1": 2048,
    "m2": 2750,
    "m3": 750,
    "m4": 1050,
    "m5": 2248
  },
  "tolerance": 20,
  "workspace_px": [
    [
      35,
      9
    ],
    [
      512,
      10
    ],
    [
      633,
      341
    ],
    [
      5,
      377
    ]
  ],
  "workspace_cm": [
    [
      49.95,
      14.85
    ],
    [
      49.95,
      -14.85
    ],
    [
      13.25,
      -14.85
    ],
    [
      13.25,
      14.85
    ]
  ],
  "homography": [
    [
      -0.00793941552243821,
      -0.08817250040973315,
      51.150418584432494
    ],
    [
      -0.06002863344585731,
      0.009071554685709181,
      16.907705685498623
    ],
    [
      -0.00016459130980513203,
      0.0009269992546169851,
      1.0
    ]
  ],
  "calibration_date": "2026-04-25"
}